{"worldSeed":21677010492149,"changedBlocks":{"p63_37_71":{"a":0,"bt":1},"p64_38_71":{"a":0,"bt":0},"p63_38_71":{"a":0,"bt":0},"p63_37_72":{"a":0,"bt":1},"p64_37_73":{"a":0,"bt":0},"p65_37_73":{"a":0,"bt":0},"p61_37_71":{"a":0,"bt":1},"p62_37_71":{"a":0,"bt":1},"p61_37_72":{"a":0,"bt":1},"p62_37_72":{"a":0,"bt":1},"p63_36_71":{"a":0,"bt":3},"p64_36_73":{"a":0,"bt":1},"p62_36_72":{"a":0,"bt":3},"p61_36_72":{"a":0,"bt":3},"p65_36_73":{"a":0,"bt":1},"p47_36_61":{"a":0,"bt":0},"p46_36_61":{"a":0,"bt":0},"p62_36_71":{"a":0,"bt":3},"p46_35_61":{"a":0,"bt":1},"p45_35_60":{"a":0,"bt":1},"p45_36_60":{"a":0,"bt":0},"p46_36_60":{"a":0,"bt":0},"p44_36_60":{"a":0,"bt":0},"p44_35_60":{"a":0,"bt":1},"p43_35_60":{"a":0,"bt":1},"p81_35_55":{"a":0,"bt":0},"p81_35_56":{"a":0,"bt":0},"p98_31_83":{"a":0,"bt":11},"p98_30_83":{"a":0,"bt":11},"p102_31_85":{"a":0,"bt":11},"p102_30_85":{"a":0,"bt":11},"p102_31_84":{"a":0,"bt":11},"p102_30_84":{"a":0,"bt":11},"p103_31_84":{"a":0,"bt":11},"p103_30_84":{"a":0,"bt":11},"p104_31_84":{"a":0,"bt":11},"p104_30_84":{"a":0,"bt":11},"p104_32_84":{"a":0,"bt":0},"p105_31_84":{"a":0,"bt":11},"p105_31_85":{"a":0,"bt":11},"p118_30_98":{"a":0,"bt":11},"p118_31_98":{"a":0,"bt":11},"p109_31_105":{"a":0,"bt":11},"p109_30_105":{"a":0,"bt":11},"p109_29_105":{"a":0,"bt":3},"p122_31_107":{"a":0,"bt":11},"p122_32_107":{"a":0,"bt":0},"p121_32_107":{"a":0,"bt":13},"p120_32_107":{"a":0,"bt":9},"p119_32_107":{"a":0,"bt":9},"p118_32_107":{"a":0,"bt":9},"p117_32_107":{"a":0,"bt":9},"p122_33_107":{"a":0,"bt":0},"p121_33_107":{"a":0,"bt":13},"p120_33_107":{"a":0,"bt":4},"p119_33_107":{"a":0,"bt":23},"p116_32_107":{"a":0,"bt":9},"p118_33_107":{"a":0,"bt":23},"p117_33_107":{"a":0,"bt":23},"p116_33_107":{"a":0,"bt":4},"p115_31_107":{"a":0,"bt":13},"p115_32_107":{"a":0,"bt":13},"p115_33_107":{"a":0,"bt":13},"p115_34_107":{"a":0,"bt":13},"p120_32_104":{"a":0,"bt":0},"p120_31_104":{"a":0,"bt":2},"p120_30_104":{"a":0,"bt":11},"p120_29_104":{"a":0,"bt":13},"p120_28_104":{"a":0,"bt":13},"p120_27_104":{"a":0,"bt":13},"p120_26_104":{"a":0,"bt":13},"p120_25_104":{"a":0,"bt":13},"p120_24_104":{"a":0,"bt":13},"p120_23_104":{"a":0,"bt":13},"p120_18_104":{"a":0,"bt":13},"p120_19_104":{"a":0,"bt":13},"p120_20_104":{"a":0,"bt":13},"p120_17_104":{"a":0,"bt":13},"p120_16_104":{"a":0,"bt":13},"p120_15_104":{"a":0,"bt":13},"p120_21_104":{"a":0,"bt":13},"p120_22_104":{"a":0,"bt":13},"p119_32_104":{"a":0,"bt":0},"p119_33_104":{"a":0,"bt":0},"p121_31_107":{"a":1,"bt":12},"p120_31_107":{"a":0,"bt":9},"p115_32_106":{"a":0,"bt":9},"p115_32_105":{"a":0,"bt":9},"p115_32_104":{"a":0,"bt":9},"p116_32_103":{"a":0,"bt":9},"p117_32_103":{"a":0,"bt":9},"p118_32_103":{"a":0,"bt":9},"p119_32_103":{"a":0,"bt":9},"p120_32_103":{"a":0,"bt":9},"p121_32_104":{"a":0,"bt":9},"p121_32_106":{"a":0,"bt":9},"p121_33_106":{"a":0,"bt":4},"p121_33_104":{"a":0,"bt":4},"p120_32_102":{"a":0,"bt":0},"p120_33_103":{"a":0,"bt":4},"p119_33_103":{"a":0,"bt":4},"p117_33_103":{"a":0,"bt":4},"p116_33_103":{"a":0,"bt":4},"p118_33_103":{"a":0,"bt":4},"p115_33_106":{"a":0,"bt":4},"p115_33_105":{"a":0,"bt":23},"p115_33_104":{"a":0,"bt":4},"p115_31_103":{"a":0,"bt":13},"p115_32_103":{"a":0,"bt":13},"p115_33_103":{"a":0,"bt":13},"p115_34_103":{"a":0,"bt":13},"p115_34_104":{"a":0,"bt":4},"p115_34_105":{"a":0,"bt":4},"p115_34_106":{"a":0,"bt":4},"p116_34_103":{"a":0,"bt":4},"p117_34_103":{"a":0,"bt":4},"p118_34_103":{"a":0,"bt":4},"p118_34_104":{"a":0,"bt":0},"p118_32_104":{"a":0,"bt":0},"p119_34_103":{"a":0,"bt":4},"p120_34_103":{"a":0,"bt":4},"p121_32_103":{"a":0,"bt":13},"p121_32_102":{"a":0,"bt":0},"p121_33_103":{"a":0,"bt":13},"p116_33_104":{"a":0,"bt":0},"p116_32_104":{"a":0,"bt":21},"p117_32_104":{"a":0,"bt":0},"p121_34_104":{"a":0,"bt":4},"p121_34_106":{"a":0,"bt":4},"p121_34_105":{"a":0,"bt":4},"p121_32_105":{"a":0,"bt":0},"p121_33_105":{"a":0,"bt":0},"p120_34_107":{"a":0,"bt":4},"p118_34_107":{"a":0,"bt":4},"p119_34_107":{"a":0,"bt":4},"p116_34_107":{"a":0,"bt":4},"p117_34_107":{"a":0,"bt":4},"p121_34_107":{"a":0,"bt":13},"p120_33_105":{"a":0,"bt":0},"p120_32_105":{"a":0,"bt":0},"p116_31_106":{"a":0,"bt":2},"p115_31_106":{"a":0,"bt":2},"p116_30_106":{"a":0,"bt":3},"p117_32_106":{"a":0,"bt":0},"p117_31_106":{"a":0,"bt":2},"p118_31_106":{"a":0,"bt":2},"p119_31_106":{"a":0,"bt":2},"p120_31_106":{"a":0,"bt":2},"p120_31_105":{"a":0,"bt":2},"p119_31_105":{"a":0,"bt":2},"p119_31_104":{"a":0,"bt":2},"p118_31_104":{"a":0,"bt":2},"p118_31_105":{"a":0,"bt":2},"p117_31_105":{"a":0,"bt":2},"p117_31_104":{"a":0,"bt":2},"p116_31_104":{"a":0,"bt":2},"p116_31_105":{"a":0,"bt":2},"p119_30_105":{"a":0,"bt":3},"p119_32_106":{"a":0,"bt":0},"p118_30_104":{"a":0,"bt":3},"p115_35_103":{"a":0,"bt":14},"p116_35_103":{"a":0,"bt":14},"p107_31_113":{"a":0,"bt":3},"p108_30_113":{"a":0,"bt":3},"p109_28_117":{"a":0,"bt":0},"p108_28_118":{"a":0,"bt":0},"p109_28_118":{"a":0,"bt":0},"p109_29_118":{"a":0,"bt":0},"p108_30_118":{"a":0,"bt":0},"p109_30_117":{"a":0,"bt":0},"p106_28_113":{"a":0,"bt":2},"p107_28_113":{"a":0,"bt":2},"p108_29_113":{"a":0,"bt":3},"p107_29_113":{"a":0,"bt":3},"p107_30_113":{"a":0,"bt":3},"p108_31_113":{"a":0,"bt":1},"p117_35_103":{"a":0,"bt":14},"p118_35_103":{"a":0,"bt":14},"p119_35_103":{"a":0,"bt":14},"p120_35_103":{"a":0,"bt":14},"p120_35_104":{"a":0,"bt":0},"p120_33_104":{"a":0,"bt":0},"p120_34_104":{"a":0,"bt":0},"p119_35_104":{"a":0,"bt":0},"p119_34_104":{"a":0,"bt":0},"p119_35_105":{"a":0,"bt":0},"p119_32_105":{"a":0,"bt":0},"p117_35_104":{"a":0,"bt":0},"p117_33_104":{"a":0,"bt":0},"p117_34_104":{"a":0,"bt":0},"p117_35_105":{"a":0,"bt":0},"p117_32_105":{"a":0,"bt":0},"p118_35_104":{"a":0,"bt":0},"p118_33_104":{"a":0,"bt":0},"p116_35_104":{"a":0,"bt":0},"p116_34_104":{"a":0,"bt":0},"p115_35_104":{"a":0,"bt":4},"p115_35_105":{"a":0,"bt":4},"p116_35_105":{"a":0,"bt":0},"p116_32_105":{"a":0,"bt":0},"p116_33_105":{"a":0,"bt":0},"p116_35_107":{"a":0,"bt":14},"p116_34_105":{"a":0,"bt":0},"p117_33_105":{"a":0,"bt":0},"p117_34_105":{"a":0,"bt":0},"p118_35_105":{"a":0,"bt":0},"p118_32_105":{"a":0,"bt":0},"p118_33_105":{"a":0,"bt":0},"p118_34_105":{"a":0,"bt":0},"p118_34_106":{"a":0,"bt":0},"p118_32_106":{"a":0,"bt":0},"p120_35_105":{"a":0,"bt":0},"p119_33_105":{"a":0,"bt":0},"p119_34_105":{"a":0,"bt":0},"p120_34_105":{"a":0,"bt":0},"p116_35_106":{"a":0,"bt":0},"p116_32_106":{"a":0,"bt":0},"p116_33_106":{"a":0,"bt":0},"p116_34_106":{"a":0,"bt":0},"p117_35_106":{"a":0,"bt":0},"p117_33_106":{"a":0,"bt":0},"p117_34_106":{"a":0,"bt":0},"p118_35_106":{"a":0,"bt":0},"p118_33_106":{"a":0,"bt":0},"p119_35_106":{"a":0,"bt":0},"p119_33_106":{"a":0,"bt":0},"p119_34_106":{"a":0,"bt":0},"p120_35_106":{"a":0,"bt":0},"p120_32_106":{"a":0,"bt":0},"p120_33_106":{"a":0,"bt":0},"p120_34_106":{"a":0,"bt":0},"p117_35_107":{"a":0,"bt":14},"p118_35_107":{"a":0,"bt":14},"p119_35_107":{"a":0,"bt":14},"p121_35_106":{"a":0,"bt":4},"p121_35_105":{"a":0,"bt":4},"p121_35_104":{"a":0,"bt":4},"p121_35_103":{"a":0,"bt":14},"p121_34_103":{"a":0,"bt":13},"p120_35_102":{"a":0,"bt":0},"p120_33_102":{"a":0,"bt":0},"p120_34_102":{"a":0,"bt":14},"p119_34_102":{"a":0,"bt":14},"p119_32_102":{"a":0,"bt":0},"p119_33_102":{"a":0,"bt":0},"p118_34_102":{"a":0,"bt":14},"p118_32_102":{"a":0,"bt":0},"p118_33_102":{"a":0,"bt":0},"p117_34_102":{"a":0,"bt":14},"p117_32_102":{"a":0,"bt":0},"p117_33_102":{"a":0,"bt":0},"p116_34_102":{"a":0,"bt":14},"p116_32_102":{"a":0,"bt":0},"p116_33_102":{"a":0,"bt":0},"p115_34_102":{"a":0,"bt":14},"p115_32_102":{"a":0,"bt":0},"p115_33_102":{"a":0,"bt":0},"p114_34_103":{"a":0,"bt":0},"p114_32_103":{"a":0,"bt":0},"p114_33_103":{"a":0,"bt":0},"p114_34_104":{"a":0,"bt":0},"p114_32_104":{"a":0,"bt":0},"p114_33_104":{"a":0,"bt":0},"p114_34_106":{"a":0,"bt":0},"p114_32_106":{"a":0,"bt":0},"p114_33_106":{"a":0,"bt":0},"p114_34_105":{"a":0,"bt":0},"p114_32_105":{"a":0,"bt":0},"p114_33_105":{"a":0,"bt":0},"p114_34_107":{"a":0,"bt":0},"p114_32_107":{"a":0,"bt":0},"p114_33_107":{"a":0,"bt":0},"p121_34_102":{"a":0,"bt":14},"p121_33_102":{"a":0,"bt":0},"p121_35_107":{"a":0,"bt":14},"p120_35_107":{"a":0,"bt":14},"p121_35_108":{"a":0,"bt":0},"p121_32_108":{"a":0,"bt":0},"p121_33_108":{"a":0,"bt":0},"p121_34_108":{"a":0,"bt":14},"p122_33_108":{"a":0,"bt":0},"p122_32_108":{"a":0,"bt":0},"p120_33_110":{"a":0,"bt":0},"p119_33_110":{"a":0,"bt":0},"p119_32_110":{"a":0,"bt":0},"p120_32_110":{"a":0,"bt":0},"p118_33_110":{"a":0,"bt":0},"p118_32_110":{"a":0,"bt":0},"p120_34_108":{"a":0,"bt":14},"p120_32_108":{"a":0,"bt":0},"p120_33_108":{"a":0,"bt":0},"p119_34_108":{"a":0,"bt":14},"p119_32_108":{"a":0,"bt":0},"p119_33_108":{"a":0,"bt":0},"p116_34_108":{"a":0,"bt":14},"p116_32_108":{"a":0,"bt":0},"p116_33_108":{"a":0,"bt":0},"p117_34_108":{"a":0,"bt":14},"p117_32_108":{"a":0,"bt":0},"p117_33_108":{"a":0,"bt":0},"p118_34_108":{"a":0,"bt":14},"p118_32_108":{"a":0,"bt":0},"p118_33_108":{"a":0,"bt":0},"p118_31_110":{"a":0,"bt":1},"p119_31_110":{"a":0,"bt":1},"p113_34_107":{"a":0,"bt":0},"p113_32_107":{"a":0,"bt":0},"p120_31_110":{"a":0,"bt":1},"p115_34_108":{"a":0,"bt":14},"p115_32_108":{"a":0,"bt":0},"p115_33_108":{"a":0,"bt":0},"p115_35_106":{"a":0,"bt":4},"p115_35_107":{"a":0,"bt":14},"p113_33_107":{"a":0,"bt":0},"p113_35_107":{"a":0,"bt":0},"p121_36_106":{"a":0,"bt":14},"p120_36_106":{"a":0,"bt":14},"p119_36_106":{"a":0,"bt":14},"p118_36_106":{"a":0,"bt":14},"p117_36_106":{"a":0,"bt":14},"p113_31_107":{"a":0,"bt":1},"p116_36_106":{"a":0,"bt":14},"p115_36_106":{"a":0,"bt":14},"p121_36_104":{"a":0,"bt":14},"p120_36_104":{"a":0,"bt":14},"p119_36_104":{"a":0,"bt":14},"p118_36_104":{"a":0,"bt":14},"p117_36_104":{"a":0,"bt":14},"p116_36_104":{"a":0,"bt":14},"p115_36_104":{"a":0,"bt":14},"p115_36_105":{"a":0,"bt":4},"p116_36_105":{"a":0,"bt":0},"p117_36_105":{"a":0,"bt":0},"p121_36_105":{"a":0,"bt":4},"p120_36_105":{"a":0,"bt":0},"p119_36_105":{"a":0,"bt":0},"p119_37_105":{"a":0,"bt":14},"p118_37_105":{"a":0,"bt":14},"p118_36_105":{"a":0,"bt":0},"p117_37_105":{"a":0,"bt":14},"p116_37_105":{"a":0,"bt":14},"p115_37_105":{"a":0,"bt":14},"p121_37_105":{"a":0,"bt":14},"p120_37_105":{"a":0,"bt":14},"p122_34_108":{"a":0,"bt":14},"p122_35_107":{"a":0,"bt":14},"p122_34_107":{"a":0,"bt":0},"p122_37_105":{"a":0,"bt":14},"p122_32_105":{"a":0,"bt":0},"p122_33_105":{"a":0,"bt":0},"p122_34_105":{"a":0,"bt":0},"p122_35_105":{"a":0,"bt":0},"p122_36_105":{"a":0,"bt":0},"p122_35_106":{"a":0,"bt":0},"p122_32_106":{"a":0,"bt":0},"p122_36_106":{"a":0,"bt":14},"p122_33_106":{"a":0,"bt":0},"p122_34_106":{"a":0,"bt":0},"p122_36_104":{"a":0,"bt":14},"p122_32_104":{"a":0,"bt":0},"p122_35_104":{"a":0,"bt":0},"p122_33_104":{"a":0,"bt":0},"p122_34_104":{"a":0,"bt":0},"p122_35_103":{"a":0,"bt":14},"p122_32_103":{"a":0,"bt":0},"p122_33_103":{"a":0,"bt":0},"p122_34_103":{"a":0,"bt":0},"p122_34_102":{"a":0,"bt":14},"p122_32_102":{"a":0,"bt":0},"p122_33_102":{"a":0,"bt":0},"p123_34_102":{"a":0,"bt":0},"p123_32_102":{"a":0,"bt":0},"p124_32_105":{"a":0,"bt":0},"p124_33_105":{"a":0,"bt":0},"p124_34_105":{"a":0,"bt":0},"p124_35_105":{"a":0,"bt":0},"p124_36_105":{"a":0,"bt":0},"p124_37_105":{"a":0,"bt":0},"p113_33_108":{"a":0,"bt":0},"p113_32_108":{"a":0,"bt":0},"p113_31_108":{"a":0,"bt":1},"p112_31_107":{"a":0,"bt":1},"p114_35_103":{"a":0,"bt":14},"p114_34_102":{"a":0,"bt":14},"p114_32_102":{"a":0,"bt":0},"p114_33_102":{"a":0,"bt":0},"p114_37_105":{"a":0,"bt":14},"p114_35_105":{"a":0,"bt":0},"p114_36_105":{"a":0,"bt":0},"p114_36_104":{"a":0,"bt":14},"p114_35_104":{"a":0,"bt":0},"p113_34_104":{"a":0,"bt":0},"p113_32_104":{"a":0,"bt":0},"p113_33_104":{"a":0,"bt":0},"p112_32_104":{"a":0,"bt":0},"p112_33_104":{"a":0,"bt":0},"p111_32_104":{"a":0,"bt":0},"p114_34_108":{"a":0,"bt":14},"p114_32_108":{"a":0,"bt":0},"p114_33_108":{"a":0,"bt":0},"p114_35_107":{"a":0,"bt":14},"p114_36_106":{"a":0,"bt":14},"p114_35_106":{"a":0,"bt":0},"p120_30_91":{"a":0,"bt":13},"p120_31_91":{"a":0,"bt":13},"p120_32_91":{"a":0,"bt":13},"p123_30_91":{"a":0,"bt":13},"p123_31_91":{"a":0,"bt":13},"p123_32_91":{"a":0,"bt":13},"p121_31_91":{"a":0,"bt":4},"p121_30_91":{"a":1,"bt":7},"p122_30_91":{"a":1,"bt":7},"p121_30_92":{"a":1,"bt":41},"p122_31_91":{"a":0,"bt":4},"p122_30_92":{"a":1,"bt":41},"p121_31_92":{"a":0,"bt":4},"p121_32_92":{"a":0,"bt":0},"p122_31_92":{"a":0,"bt":4},"p121_30_94":{"a":1,"bt":41},"p121_30_93":{"a":1,"bt":41},"p121_31_93":{"a":0,"bt":4},"p121_32_93":{"a":0,"bt":0},"p122_30_93":{"a":1,"bt":41},"p122_31_93":{"a":0,"bt":4},"p122_32_93":{"a":0,"bt":0},"p121_31_94":{"a":0,"bt":4},"p121_32_94":{"a":0,"bt":0},"p122_30_94":{"a":1,"bt":41},"p122_31_94":{"a":0,"bt":4},"p122_32_94":{"a":0,"bt":0},"p122_30_96":{"a":1,"bt":7},"p122_30_95":{"a":1,"bt":41},"p122_31_96":{"a":0,"bt":4},"p122_31_95":{"a":0,"bt":4},"p121_30_96":{"a":1,"bt":7},"p121_30_95":{"a":1,"bt":41},"p121_31_96":{"a":0,"bt":4},"p121_31_95":{"a":0,"bt":4},"p120_30_96":{"a":0,"bt":13},"p120_31_96":{"a":0,"bt":13},"p120_32_96":{"a":0,"bt":13},"p123_30_96":{"a":0,"bt":13},"p123_31_96":{"a":0,"bt":13},"p123_32_96":{"a":0,"bt":13},"p123_31_97":{"a":0,"bt":11},"p123_30_97":{"a":0,"bt":11},"p124_30_97":{"a":0,"bt":11},"p124_31_97":{"a":0,"bt":11},"p124_30_96":{"a":0,"bt":7},"p118_30_97":{"a":0,"bt":11},"p118_31_97":{"a":0,"bt":0},"p118_31_96":{"a":0,"bt":0},"p118_30_96":{"a":0,"bt":11},"p120_30_88":{"a":0,"bt":11},"p115_31_93":{"a":0,"bt":0},"p115_30_93":{"a":1,"bt":7},"p126_31_89":{"a":0,"bt":11},"p125_30_82":{"a":1,"bt":7},"p126_30_82":{"a":1,"bt":7},"p126_30_81":{"a":1,"bt":7},"p126_30_80":{"a":1,"bt":7},"p126_30_77":{"a":0,"bt":11},"p125_30_78":{"a":0,"bt":11},"p114_31_93":{"a":0,"bt":0},"p114_30_93":{"a":1,"bt":7},"p113_31_93":{"a":0,"bt":0},"p113_30_93":{"a":1,"bt":7},"p112_30_93":{"a":1,"bt":7},"p112_31_93":{"a":0,"bt":0},"p117_30_98":{"a":0,"bt":11},"p115_30_98":{"a":0,"bt":11},"p116_30_98":{"a":0,"bt":11},"p114_31_99":{"a":0,"bt":11},"p113_31_99":{"a":0,"bt":11},"p114_30_98":{"a":0,"bt":11},"p113_30_98":{"a":0,"bt":11},"p112_30_98":{"a":0,"bt":11},"p111_30_99":{"a":0,"bt":11},"p119_30_96":{"a":0,"bt":11},"p117_30_97":{"a":0,"bt":11},"p117_31_97":{"a":0,"bt":0},"p116_30_97":{"a":0,"bt":11},"p115_30_97":{"a":0,"bt":11},"p111_30_98":{"a":0,"bt":11},"p110_30_99":{"a":0,"bt":11},"p105_31_101":{"a":0,"bt":11},"p105_30_101":{"a":0,"bt":11},"p117_33_110":{"a":0,"bt":0},"p117_32_110":{"a":0,"bt":0},"p118_33_111":{"a":0,"bt":0},"p118_32_111":{"a":0,"bt":0},"p121_32_112":{"a":0,"bt":1},"p120_32_112":{"a":0,"bt":1},"p119_32_112":{"a":0,"bt":1},"p118_32_112":{"a":0,"bt":1},"p117_32_112":{"a":0,"bt":1},"p116_32_112":{"a":0,"bt":1},"p115_32_111":{"a":0,"bt":1},"p116_32_111":{"a":0,"bt":1},"p114_32_110":{"a":0,"bt":1},"p115_32_110":{"a":0,"bt":1},"p117_32_111":{"a":0,"bt":1},"p122_33_112":{"a":0,"bt":0},"p122_32_112":{"a":0,"bt":0},"p122_32_113":{"a":0,"bt":0},"p121_32_113":{"a":0,"bt":1},"p122_33_113":{"a":0,"bt":0},"p121_33_113":{"a":0,"bt":0},"p121_33_114":{"a":0,"bt":0},"p117_31_110":{"a":0,"bt":1},"p120_32_115":{"a":0,"bt":1},"p119_32_116":{"a":0,"bt":1},"p115_31_110":{"a":0,"bt":3},"p119_33_114":{"a":0,"bt":1},"p119_32_114":{"a":0,"bt":3},"p118_33_114":{"a":0,"bt":1},"p118_32_114":{"a":0,"bt":3},"p120_32_114":{"a":0,"bt":3},"p114_31_110":{"a":0,"bt":3},"p119_32_115":{"a":0,"bt":3},"p118_31_111":{"a":0,"bt":1},"p120_33_114":{"a":0,"bt":1},"p119_33_115":{"a":0,"bt":1},"p116_31_112":{"a":0,"bt":3},"p114_33_113":{"a":0,"bt":3},"p114_32_113":{"a":0,"bt":3},"p121_32_114":{"a":0,"bt":1},"p115_33_113":{"a":0,"bt":1},"p115_32_113":{"a":0,"bt":3},"p119_31_116":{"a":0,"bt":3},"p115_31_111":{"a":0,"bt":3},"p122_31_113":{"a":0,"bt":1},"p116_31_111":{"a":0,"bt":3},"p120_31_115":{"a":0,"bt":3},"p118_31_114":{"a":0,"bt":3},"p122_31_112":{"a":0,"bt":1},"p119_31_115":{"a":0,"bt":3},"p119_31_114":{"a":0,"bt":3},"p117_33_115":{"a":0,"bt":3},"p117_32_115":{"a":0,"bt":3},"p116_34_113":{"a":0,"bt":0},"p116_33_114":{"a":0,"bt":3},"p116_32_114":{"a":0,"bt":3},"p114_31_113":{"a":0,"bt":3},"p116_34_114":{"a":0,"bt":1},"p117_34_115":{"a":0,"bt":1},"p114_34_113":{"a":0,"bt":1},"p115_31_113":{"a":0,"bt":3},"p112_33_112":{"a":0,"bt":1},"p112_32_112":{"a":0,"bt":3},"p113_33_112":{"a":0,"bt":3},"p113_32_112":{"a":0,"bt":3},"p113_34_112":{"a":0,"bt":1},"p116_31_114":{"a":0,"bt":3},"p112_31_112":{"a":0,"bt":3},"p117_31_115":{"a":0,"bt":3},"p113_31_112":{"a":0,"bt":3},"p116_30_94":{"a":1,"bt":7},"p114_30_92":{"a":1,"bt":7},"p114_30_94":{"a":1,"bt":7},"p114_30_95":{"a":1,"bt":7},"p114_30_96":{"a":1,"bt":7},"p115_30_92":{"a":1,"bt":7},"p115_30_94":{"a":1,"bt":7},"p115_30_95":{"a":1,"bt":7},"p115_30_96":{"a":1,"bt":7},"p116_30_92":{"a":1,"bt":7},"p116_30_93":{"a":1,"bt":7},"p116_30_95":{"a":1,"bt":7},"p116_30_96":{"a":1,"bt":7},"p117_30_92":{"a":1,"bt":7},"p117_30_93":{"a":1,"bt":7},"p117_30_94":{"a":1,"bt":7},"p117_30_95":{"a":1,"bt":7},"p117_30_96":{"a":1,"bt":7},"p118_30_92":{"a":1,"bt":7},"p118_30_93":{"a":1,"bt":7},"p118_30_94":{"a":1,"bt":7},"p118_30_95":{"a":1,"bt":7},"p114_31_92":{"a":0,"bt":0},"p114_31_94":{"a":0,"bt":0},"p114_31_95":{"a":0,"bt":0},"p114_31_96":{"a":0,"bt":0},"p115_31_92":{"a":0,"bt":0},"p115_31_94":{"a":0,"bt":0},"p115_31_95":{"a":0,"bt":0},"p115_31_96":{"a":0,"bt":0},"p116_31_92":{"a":0,"bt":0},"p116_31_93":{"a":0,"bt":0},"p116_31_94":{"a":0,"bt":0},"p116_31_95":{"a":0,"bt":0},"p116_31_96":{"a":0,"bt":0},"p117_31_92":{"a":0,"bt":0},"p117_31_93":{"a":0,"bt":0},"p117_31_94":{"a":0,"bt":0},"p117_31_95":{"a":0,"bt":0},"p117_31_96":{"a":0,"bt":0},"p118_31_92":{"a":0,"bt":0},"p118_31_93":{"a":0,"bt":0},"p118_31_94":{"a":0,"bt":0},"p118_31_95":{"a":0,"bt":0},"p114_32_92":{"a":0,"bt":0},"p114_32_93":{"a":0,"bt":0},"p114_32_94":{"a":0,"bt":0},"p114_32_95":{"a":0,"bt":0},"p114_32_96":{"a":0,"bt":0},"p115_32_92":{"a":0,"bt":0},"p115_32_93":{"a":0,"bt":0},"p115_32_94":{"a":0,"bt":0},"p115_32_95":{"a":0,"bt":0},"p115_32_96":{"a":0,"bt":0},"p116_32_92":{"a":0,"bt":0},"p116_32_93":{"a":0,"bt":0},"p116_32_94":{"a":0,"bt":0},"p116_32_95":{"a":0,"bt":0},"p116_32_96":{"a":0,"bt":0},"p117_32_92":{"a":0,"bt":0},"p117_32_93":{"a":0,"bt":0},"p117_32_94":{"a":0,"bt":0},"p117_32_95":{"a":0,"bt":0},"p117_32_96":{"a":0,"bt":0},"p118_32_92":{"a":0,"bt":0},"p118_32_93":{"a":0,"bt":0},"p118_32_94":{"a":0,"bt":0},"p118_32_95":{"a":0,"bt":0},"p118_32_96":{"a":0,"bt":0},"p123_33_91":{"a":0,"bt":0},"p120_33_91":{"a":0,"bt":0},"p123_33_96":{"a":0,"bt":0},"p120_33_96":{"a":0,"bt":0},"p123_32_97":{"a":0,"bt":0},"p111_32_109":{"a":0,"bt":16},"p113_32_123":{"a":0,"bt":24},"p112_32_124":{"a":0,"bt":24},"p111_32_125":{"a":0,"bt":24},"p110_32_126":{"a":0,"bt":24},"p114_32_122":{"a":0,"bt":24},"p113_32_125":{"a":0,"bt":24},"p114_32_126":{"a":0,"bt":24},"p111_32_123":{"a":0,"bt":24},"p110_32_122":{"a":0,"bt":24},"p111_32_122":{"a":0,"bt":1},"p111_31_122":{"a":0,"bt":3},"p113_32_124":{"a":0,"bt":1},"p113_31_124":{"a":0,"bt":3},"p112_31_124":{"a":0,"bt":21},"p112_30_124":{"a":0,"bt":21},"p113_30_124":{"a":0,"bt":3},"p113_31_125":{"a":0,"bt":21},"p112_31_125":{"a":0,"bt":21},"p113_31_123":{"a":0,"bt":3},"p112_31_123":{"a":0,"bt":21},"p110_32_124":{"a":0,"bt":1},"p112_33_124":{"a":0,"bt":0},"p113_33_124":{"a":0,"bt":6},"p112_33_123":{"a":0,"bt":6},"p111_33_124":{"a":0,"bt":6},"p113_34_124":{"a":0,"bt":0},"p112_33_125":{"a":0,"bt":6},"p111_32_108":{"a":0,"bt":6},"p121_31_105":{"a":0,"bt":2},"p122_31_105":{"a":0,"bt":1},"p123_31_104":{"a":0,"bt":14},"p124_31_104":{"a":0,"bt":1},"p123_31_102":{"a":0,"bt":1},"p122_31_101":{"a":0,"bt":1},"p125_31_103":{"a":0,"bt":1},"p123_31_103":{"a":0,"bt":1},"p123_31_100":{"a":0,"bt":11},"p123_31_99":{"a":0,"bt":1},"p123_30_104":{"a":0,"bt":1},"p121_31_98":{"a":0,"bt":1},"p122_31_98":{"a":0,"bt":1},"p121_31_97":{"a":0,"bt":1},"p121_31_90":{"a":0,"bt":1},"p120_31_89":{"a":0,"bt":1},"p119_31_89":{"a":0,"bt":1},"p118_31_88":{"a":0,"bt":1},"p117_31_89":{"a":0,"bt":27},"p116_31_88":{"a":0,"bt":1},"p114_31_87":{"a":0,"bt":1},"p124_31_101":{"a":0,"bt":14},"p121_31_99":{"a":0,"bt":14},"p124_30_101":{"a":0,"bt":1},"p116_31_87":{"a":0,"bt":14},"p112_31_87":{"a":0,"bt":14},"p116_30_87":{"a":0,"bt":1},"p112_30_87":{"a":0,"bt":1},"p121_30_99":{"a":0,"bt":1},"p122_31_100":{"a":0,"bt":27},"p124_31_103":{"a":0,"bt":27},"p123_31_106":{"a":0,"bt":27},"p124_31_92":{"a":0,"bt":0},"p124_30_92":{"a":0,"bt":1},"p124_31_100":{"a":0,"bt":3}},"worldSize":128,"version":1}