{"worldSeed":21677010492149,"changedBlocks":{"p63_37_71":{"a":0,"bt":1},"p64_38_71":{"a":0,"bt":0},"p63_38_71":{"a":0,"bt":0},"p63_37_72":{"a":0,"bt":1},"p64_37_73":{"a":0,"bt":0},"p65_37_73":{"a":0,"bt":0},"p61_37_71":{"a":0,"bt":1},"p62_37_71":{"a":0,"bt":1},"p61_37_72":{"a":0,"bt":1},"p62_37_72":{"a":0,"bt":1},"p63_36_71":{"a":0,"bt":3},"p64_36_73":{"a":0,"bt":1},"p62_36_72":{"a":0,"bt":3},"p61_36_72":{"a":0,"bt":3},"p65_36_73":{"a":0,"bt":1},"p47_36_61":{"a":0,"bt":0},"p46_36_61":{"a":0,"bt":0},"p62_36_71":{"a":0,"bt":3},"p46_35_61":{"a":0,"bt":1},"p45_35_60":{"a":0,"bt":1},"p45_36_60":{"a":0,"bt":0},"p46_36_60":{"a":0,"bt":0},"p44_36_60":{"a":0,"bt":0},"p44_35_60":{"a":0,"bt":1},"p43_35_60":{"a":0,"bt":1},"p81_35_55":{"a":0,"bt":0},"p81_35_56":{"a":0,"bt":0},"p98_31_83":{"a":0,"bt":11},"p98_30_83":{"a":0,"bt":11},"p102_31_85":{"a":0,"bt":11},"p102_30_85":{"a":0,"bt":11},"p102_31_84":{"a":0,"bt":11},"p102_30_84":{"a":0,"bt":11},"p103_31_84":{"a":0,"bt":11},"p103_30_84":{"a":0,"bt":11},"p104_31_84":{"a":0,"bt":11},"p104_30_84":{"a":0,"bt":11},"p104_32_84":{"a":0,"bt":0},"p105_31_84":{"a":0,"bt":11},"p105_31_85":{"a":0,"bt":11},"p118_30_98":{"a":0,"bt":11},"p118_31_98":{"a":0,"bt":11},"p109_31_105":{"a":0,"bt":11},"p109_30_105":{"a":0,"bt":11},"p109_29_105":{"a":0,"bt":3},"p122_31_107":{"a":0,"bt":11},"p122_32_107":{"a":0,"bt":0},"p121_32_107":{"a":0,"bt":13},"p120_32_107":{"a":0,"bt":9},"p119_32_107":{"a":0,"bt":9},"p118_32_107":{"a":0,"bt":9},"p117_32_107":{"a":0,"bt":9},"p122_33_107":{"a":0,"bt":0},"p121_33_107":{"a":0,"bt":13},"p120_33_107":{"a":0,"bt":4},"p119_33_107":{"a":0,"bt":23},"p116_32_107":{"a":0,"bt":9},"p118_33_107":{"a":0,"bt":23},"p117_33_107":{"a":0,"bt":0},"p116_33_107":{"a":0,"bt":4},"p115_31_107":{"a":0,"bt":13},"p115_32_107":{"a":0,"bt":13},"p115_33_107":{"a":0,"bt":13},"p115_34_107":{"a":0,"bt":13},"p120_32_104":{"a":0,"bt":0},"p120_31_104":{"a":0,"bt":2},"p120_30_104":{"a":0,"bt":11},"p120_29_104":{"a":0,"bt":13},"p120_28_104":{"a":0,"bt":13},"p120_27_104":{"a":0,"bt":13},"p120_26_104":{"a":0,"bt":13},"p120_25_104":{"a":0,"bt":13},"p120_24_104":{"a":0,"bt":13},"p120_23_104":{"a":0,"bt":13},"p120_18_104":{"a":0,"bt":13},"p120_19_104":{"a":0,"bt":13},"p120_20_104":{"a":0,"bt":13},"p120_17_104":{"a":0,"bt":13},"p120_16_104":{"a":0,"bt":13},"p120_15_104":{"a":0,"bt":13},"p120_21_104":{"a":0,"bt":13},"p120_22_104":{"a":0,"bt":13},"p119_32_104":{"a":1,"bt":14},"p119_33_104":{"a":0,"bt":0},"p121_31_107":{"a":1,"bt":12},"p120_31_107":{"a":0,"bt":9},"p115_32_106":{"a":0,"bt":9},"p115_32_105":{"a":0,"bt":9},"p115_32_104":{"a":0,"bt":9},"p116_32_103":{"a":0,"bt":9},"p117_32_103":{"a":0,"bt":9},"p118_32_103":{"a":0,"bt":9},"p119_32_103":{"a":0,"bt":9},"p120_32_103":{"a":0,"bt":9},"p121_32_104":{"a":0,"bt":9},"p121_32_106":{"a":0,"bt":9},"p121_33_106":{"a":0,"bt":4},"p121_33_104":{"a":0,"bt":4},"p120_32_102":{"a":0,"bt":0},"p120_33_103":{"a":0,"bt":4},"p119_33_103":{"a":0,"bt":4},"p117_33_103":{"a":0,"bt":4},"p116_33_103":{"a":0,"bt":4},"p118_33_103":{"a":0,"bt":4},"p115_33_106":{"a":0,"bt":4},"p115_33_105":{"a":0,"bt":23},"p115_33_104":{"a":0,"bt":4},"p115_31_103":{"a":0,"bt":13},"p115_32_103":{"a":0,"bt":13},"p115_33_103":{"a":0,"bt":13},"p115_34_103":{"a":0,"bt":13},"p115_34_104":{"a":0,"bt":4},"p115_34_105":{"a":0,"bt":4},"p115_34_106":{"a":0,"bt":4},"p116_34_103":{"a":0,"bt":4},"p117_34_103":{"a":0,"bt":4},"p118_34_103":{"a":0,"bt":4},"p118_34_104":{"a":0,"bt":0},"p118_32_104":{"a":0,"bt":0},"p119_34_103":{"a":0,"bt":4},"p120_34_103":{"a":0,"bt":4},"p121_32_103":{"a":0,"bt":13},"p121_32_102":{"a":0,"bt":0},"p121_33_103":{"a":0,"bt":13},"p116_33_104":{"a":1,"bt":14},"p116_32_104":{"a":0,"bt":0},"p117_32_104":{"a":0,"bt":0},"p121_34_104":{"a":0,"bt":4},"p121_34_106":{"a":0,"bt":4},"p121_34_105":{"a":0,"bt":4},"p121_32_105":{"a":0,"bt":0},"p121_33_105":{"a":0,"bt":0},"p120_34_107":{"a":0,"bt":4},"p118_34_107":{"a":0,"bt":0},"p119_34_107":{"a":0,"bt":4},"p116_34_107":{"a":0,"bt":4},"p117_34_107":{"a":1,"bt":4},"p121_34_107":{"a":0,"bt":13},"p120_33_105":{"a":0,"bt":0},"p120_32_105":{"a":0,"bt":0},"p116_31_106":{"a":0,"bt":2},"p115_31_106":{"a":0,"bt":2},"p116_30_106":{"a":0,"bt":3},"p117_32_106":{"a":0,"bt":0},"p117_31_106":{"a":0,"bt":2},"p118_31_106":{"a":0,"bt":2},"p119_31_106":{"a":0,"bt":2},"p120_31_106":{"a":0,"bt":2},"p120_31_105":{"a":0,"bt":2},"p119_31_105":{"a":0,"bt":2},"p119_31_104":{"a":0,"bt":2},"p118_31_104":{"a":0,"bt":2},"p118_31_105":{"a":0,"bt":2},"p117_31_105":{"a":0,"bt":2},"p117_31_104":{"a":0,"bt":2},"p116_31_104":{"a":0,"bt":2},"p116_31_105":{"a":0,"bt":2},"p119_30_105":{"a":0,"bt":3},"p119_32_106":{"a":0,"bt":0},"p118_30_104":{"a":0,"bt":3},"p115_35_103":{"a":0,"bt":14},"p116_35_103":{"a":0,"bt":14},"p107_31_113":{"a":0,"bt":3},"p108_30_113":{"a":0,"bt":3},"p109_28_117":{"a":0,"bt":0},"p108_28_118":{"a":0,"bt":0},"p109_28_118":{"a":0,"bt":0},"p109_29_118":{"a":0,"bt":0},"p108_30_118":{"a":0,"bt":0},"p109_30_117":{"a":0,"bt":0},"p106_28_113":{"a":0,"bt":2},"p107_28_113":{"a":0,"bt":2},"p108_29_113":{"a":0,"bt":3},"p107_29_113":{"a":0,"bt":3},"p107_30_113":{"a":0,"bt":3},"p108_31_113":{"a":0,"bt":1},"p117_35_103":{"a":0,"bt":14},"p118_35_103":{"a":0,"bt":14},"p119_35_103":{"a":0,"bt":14},"p120_35_103":{"a":0,"bt":14},"p120_35_104":{"a":0,"bt":0},"p120_33_104":{"a":0,"bt":0},"p120_34_104":{"a":0,"bt":0},"p119_35_104":{"a":0,"bt":0},"p119_34_104":{"a":0,"bt":0},"p119_35_105":{"a":0,"bt":0},"p119_32_105":{"a":0,"bt":0},"p117_35_104":{"a":0,"bt":0},"p117_33_104":{"a":0,"bt":0},"p117_34_104":{"a":0,"bt":0},"p117_35_105":{"a":0,"bt":0},"p117_32_105":{"a":1,"bt":14},"p118_35_104":{"a":0,"bt":0},"p118_33_104":{"a":0,"bt":0},"p116_35_104":{"a":0,"bt":0},"p116_34_104":{"a":0,"bt":0},"p115_35_104":{"a":0,"bt":4},"p115_35_105":{"a":0,"bt":4},"p116_35_105":{"a":0,"bt":0},"p116_32_105":{"a":0,"bt":0},"p116_33_105":{"a":0,"bt":0},"p116_35_107":{"a":0,"bt":14},"p116_34_105":{"a":0,"bt":0},"p117_33_105":{"a":0,"bt":0},"p117_34_105":{"a":0,"bt":0},"p118_35_105":{"a":0,"bt":0},"p118_32_105":{"a":0,"bt":0},"p118_33_105":{"a":0,"bt":0},"p118_34_105":{"a":0,"bt":0},"p118_34_106":{"a":0,"bt":0},"p118_32_106":{"a":0,"bt":0},"p120_35_105":{"a":0,"bt":0},"p119_33_105":{"a":0,"bt":0},"p119_34_105":{"a":0,"bt":0},"p120_34_105":{"a":0,"bt":0},"p116_35_106":{"a":0,"bt":0},"p116_32_106":{"a":0,"bt":0},"p116_33_106":{"a":0,"bt":0},"p116_34_106":{"a":0,"bt":0},"p117_35_106":{"a":0,"bt":0},"p117_33_106":{"a":0,"bt":0},"p117_34_106":{"a":0,"bt":0},"p118_35_106":{"a":0,"bt":0},"p118_33_106":{"a":0,"bt":0},"p119_35_106":{"a":0,"bt":0},"p119_33_106":{"a":0,"bt":0},"p119_34_106":{"a":0,"bt":0},"p120_35_106":{"a":0,"bt":0},"p120_32_106":{"a":0,"bt":0},"p120_33_106":{"a":0,"bt":0},"p120_34_106":{"a":0,"bt":0},"p117_35_107":{"a":0,"bt":0},"p118_35_107":{"a":0,"bt":0},"p119_35_107":{"a":0,"bt":0},"p121_35_106":{"a":0,"bt":4},"p121_35_105":{"a":0,"bt":4},"p121_35_104":{"a":0,"bt":4},"p121_35_103":{"a":0,"bt":14},"p121_34_103":{"a":0,"bt":13},"p120_35_102":{"a":0,"bt":0},"p120_33_102":{"a":0,"bt":0},"p120_34_102":{"a":0,"bt":14},"p119_34_102":{"a":0,"bt":14},"p119_32_102":{"a":0,"bt":0},"p119_33_102":{"a":0,"bt":0},"p118_34_102":{"a":0,"bt":14},"p118_32_102":{"a":0,"bt":0},"p118_33_102":{"a":0,"bt":0},"p117_34_102":{"a":0,"bt":0},"p117_32_102":{"a":0,"bt":0},"p117_33_102":{"a":0,"bt":0},"p116_34_102":{"a":0,"bt":14},"p116_32_102":{"a":0,"bt":0},"p116_33_102":{"a":0,"bt":0},"p115_34_102":{"a":0,"bt":14},"p115_32_102":{"a":0,"bt":0},"p115_33_102":{"a":0,"bt":0},"p114_34_103":{"a":0,"bt":0},"p114_32_103":{"a":0,"bt":0},"p114_33_103":{"a":0,"bt":0},"p114_34_104":{"a":0,"bt":0},"p114_32_104":{"a":0,"bt":0},"p114_33_104":{"a":0,"bt":0},"p114_34_106":{"a":0,"bt":0},"p114_32_106":{"a":0,"bt":0},"p114_33_106":{"a":0,"bt":0},"p114_34_105":{"a":0,"bt":0},"p114_32_105":{"a":0,"bt":0},"p114_33_105":{"a":0,"bt":0},"p114_34_107":{"a":0,"bt":0},"p114_32_107":{"a":0,"bt":0},"p114_33_107":{"a":0,"bt":0},"p121_34_102":{"a":0,"bt":14},"p121_33_102":{"a":0,"bt":0},"p121_35_107":{"a":1,"bt":14},"p120_35_107":{"a":0,"bt":14},"p121_35_108":{"a":0,"bt":0},"p121_32_108":{"a":0,"bt":0},"p121_33_108":{"a":0,"bt":0},"p121_34_108":{"a":1,"bt":14},"p122_33_108":{"a":0,"bt":0},"p122_32_108":{"a":0,"bt":0},"p120_33_110":{"a":0,"bt":0},"p119_33_110":{"a":0,"bt":0},"p119_32_110":{"a":0,"bt":0},"p120_32_110":{"a":0,"bt":0},"p118_33_110":{"a":0,"bt":0},"p118_32_110":{"a":0,"bt":0},"p120_34_108":{"a":0,"bt":0},"p120_32_108":{"a":0,"bt":0},"p120_33_108":{"a":0,"bt":0},"p119_34_108":{"a":0,"bt":0},"p119_32_108":{"a":0,"bt":0},"p119_33_108":{"a":0,"bt":0},"p116_34_108":{"a":0,"bt":0},"p116_32_108":{"a":0,"bt":0},"p116_33_108":{"a":0,"bt":0},"p117_34_108":{"a":0,"bt":0},"p117_32_108":{"a":0,"bt":0},"p117_33_108":{"a":0,"bt":0},"p118_34_108":{"a":0,"bt":0},"p118_32_108":{"a":0,"bt":0},"p118_33_108":{"a":0,"bt":0},"p118_31_110":{"a":0,"bt":1},"p119_31_110":{"a":0,"bt":1},"p113_34_107":{"a":0,"bt":0},"p113_32_107":{"a":0,"bt":0},"p120_31_110":{"a":0,"bt":1},"p115_34_108":{"a":0,"bt":0},"p115_32_108":{"a":0,"bt":0},"p115_33_108":{"a":0,"bt":0},"p115_35_106":{"a":0,"bt":4},"p115_35_107":{"a":0,"bt":14},"p113_33_107":{"a":0,"bt":0},"p113_35_107":{"a":0,"bt":0},"p121_36_106":{"a":1,"bt":14},"p120_36_106":{"a":0,"bt":0},"p119_36_106":{"a":0,"bt":0},"p118_36_106":{"a":0,"bt":0},"p117_36_106":{"a":0,"bt":0},"p113_31_107":{"a":0,"bt":1},"p116_36_106":{"a":0,"bt":14},"p115_36_106":{"a":0,"bt":14},"p121_36_104":{"a":0,"bt":14},"p120_36_104":{"a":0,"bt":14},"p119_36_104":{"a":0,"bt":14},"p118_36_104":{"a":0,"bt":0},"p117_36_104":{"a":0,"bt":0},"p116_36_104":{"a":0,"bt":0},"p115_36_104":{"a":0,"bt":14},"p115_36_105":{"a":0,"bt":4},"p116_36_105":{"a":0,"bt":0},"p117_36_105":{"a":0,"bt":0},"p121_36_105":{"a":0,"bt":4},"p120_36_105":{"a":0,"bt":0},"p119_36_105":{"a":0,"bt":0},"p119_37_105":{"a":0,"bt":0},"p118_37_105":{"a":0,"bt":0},"p118_36_105":{"a":0,"bt":0},"p117_37_105":{"a":0,"bt":0},"p116_37_105":{"a":0,"bt":14},"p115_37_105":{"a":0,"bt":14},"p121_37_105":{"a":1,"bt":14},"p120_37_105":{"a":0,"bt":0},"p122_34_108":{"a":1,"bt":14},"p122_35_107":{"a":1,"bt":14},"p122_34_107":{"a":0,"bt":0},"p122_37_105":{"a":1,"bt":14},"p122_32_105":{"a":0,"bt":0},"p122_33_105":{"a":0,"bt":0},"p122_34_105":{"a":0,"bt":0},"p122_35_105":{"a":0,"bt":0},"p122_36_105":{"a":0,"bt":0},"p122_35_106":{"a":0,"bt":0},"p122_32_106":{"a":0,"bt":0},"p122_36_106":{"a":1,"bt":14},"p122_33_106":{"a":0,"bt":0},"p122_34_106":{"a":0,"bt":0},"p122_36_104":{"a":0,"bt":14},"p122_32_104":{"a":0,"bt":0},"p122_35_104":{"a":0,"bt":0},"p122_33_104":{"a":0,"bt":0},"p122_34_104":{"a":0,"bt":0},"p122_35_103":{"a":0,"bt":14},"p122_32_103":{"a":0,"bt":0},"p122_33_103":{"a":0,"bt":0},"p122_34_103":{"a":0,"bt":0},"p122_34_102":{"a":0,"bt":14},"p122_32_102":{"a":0,"bt":0},"p122_33_102":{"a":0,"bt":0},"p123_34_102":{"a":0,"bt":0},"p123_32_102":{"a":0,"bt":0},"p124_32_105":{"a":0,"bt":0},"p124_33_105":{"a":0,"bt":0},"p124_34_105":{"a":0,"bt":0},"p124_35_105":{"a":0,"bt":0},"p124_36_105":{"a":0,"bt":0},"p124_37_105":{"a":0,"bt":0},"p113_33_108":{"a":0,"bt":0},"p113_32_108":{"a":0,"bt":0},"p113_31_108":{"a":0,"bt":1},"p112_31_107":{"a":0,"bt":1},"p114_35_103":{"a":0,"bt":14},"p114_34_102":{"a":0,"bt":14},"p114_32_102":{"a":0,"bt":0},"p114_33_102":{"a":0,"bt":0},"p114_37_105":{"a":0,"bt":14},"p114_35_105":{"a":0,"bt":0},"p114_36_105":{"a":0,"bt":0},"p114_36_104":{"a":0,"bt":14},"p114_35_104":{"a":0,"bt":0},"p113_34_104":{"a":0,"bt":0},"p113_32_104":{"a":0,"bt":0},"p113_33_104":{"a":0,"bt":0},"p112_32_104":{"a":0,"bt":0},"p112_33_104":{"a":0,"bt":0},"p111_32_104":{"a":0,"bt":0},"p114_34_108":{"a":0,"bt":0},"p114_32_108":{"a":0,"bt":0},"p114_33_108":{"a":0,"bt":0},"p114_35_107":{"a":0,"bt":14},"p114_36_106":{"a":0,"bt":14},"p114_35_106":{"a":0,"bt":0},"p120_30_91":{"a":0,"bt":13},"p120_31_91":{"a":0,"bt":13},"p120_32_91":{"a":0,"bt":13},"p123_30_91":{"a":0,"bt":13},"p123_31_91":{"a":0,"bt":13},"p123_32_91":{"a":0,"bt":13},"p121_31_91":{"a":0,"bt":4},"p121_30_91":{"a":1,"bt":7},"p122_30_91":{"a":1,"bt":7},"p121_30_92":{"a":1,"bt":41},"p122_31_91":{"a":0,"bt":4},"p122_30_92":{"a":1,"bt":41},"p121_31_92":{"a":0,"bt":4},"p121_32_92":{"a":0,"bt":0},"p122_31_92":{"a":0,"bt":4},"p121_30_94":{"a":1,"bt":41},"p121_30_93":{"a":1,"bt":41},"p121_31_93":{"a":0,"bt":4},"p121_32_93":{"a":0,"bt":0},"p122_30_93":{"a":1,"bt":41},"p122_31_93":{"a":0,"bt":4},"p122_32_93":{"a":0,"bt":0},"p121_31_94":{"a":0,"bt":4},"p121_32_94":{"a":0,"bt":0},"p122_30_94":{"a":1,"bt":41},"p122_31_94":{"a":0,"bt":4},"p122_32_94":{"a":0,"bt":0},"p122_30_96":{"a":1,"bt":7},"p122_30_95":{"a":1,"bt":41},"p122_31_96":{"a":0,"bt":4},"p122_31_95":{"a":0,"bt":4},"p121_30_96":{"a":1,"bt":7},"p121_30_95":{"a":1,"bt":41},"p121_31_96":{"a":0,"bt":4},"p121_31_95":{"a":0,"bt":4},"p120_30_96":{"a":0,"bt":13},"p120_31_96":{"a":0,"bt":13},"p120_32_96":{"a":0,"bt":13},"p123_30_96":{"a":0,"bt":13},"p123_31_96":{"a":0,"bt":13},"p123_32_96":{"a":0,"bt":13},"p123_31_97":{"a":0,"bt":11},"p123_30_97":{"a":0,"bt":11},"p124_30_97":{"a":0,"bt":11},"p124_31_97":{"a":0,"bt":11},"p124_30_96":{"a":0,"bt":7},"p118_30_97":{"a":0,"bt":11},"p118_31_97":{"a":0,"bt":0},"p118_31_96":{"a":0,"bt":0},"p118_30_96":{"a":0,"bt":11},"p120_30_88":{"a":0,"bt":11},"p115_31_93":{"a":0,"bt":0},"p115_30_93":{"a":1,"bt":7},"p126_31_89":{"a":0,"bt":11},"p125_30_82":{"a":1,"bt":7},"p126_30_82":{"a":1,"bt":7},"p126_30_81":{"a":1,"bt":7},"p126_30_80":{"a":1,"bt":7},"p126_30_77":{"a":0,"bt":11},"p125_30_78":{"a":0,"bt":11},"p114_31_93":{"a":0,"bt":0},"p114_30_93":{"a":1,"bt":7},"p113_31_93":{"a":0,"bt":0},"p113_30_93":{"a":1,"bt":7},"p112_30_93":{"a":1,"bt":7},"p112_31_93":{"a":0,"bt":0},"p117_30_98":{"a":0,"bt":11},"p115_30_98":{"a":0,"bt":11},"p116_30_98":{"a":0,"bt":11},"p114_31_99":{"a":0,"bt":11},"p113_31_99":{"a":0,"bt":11},"p114_30_98":{"a":0,"bt":11},"p113_30_98":{"a":0,"bt":11},"p112_30_98":{"a":0,"bt":11},"p111_30_99":{"a":0,"bt":11},"p119_30_96":{"a":0,"bt":11},"p117_30_97":{"a":0,"bt":11},"p117_31_97":{"a":0,"bt":0},"p116_30_97":{"a":0,"bt":11},"p115_30_97":{"a":0,"bt":11},"p111_30_98":{"a":0,"bt":11},"p110_30_99":{"a":0,"bt":11},"p105_31_101":{"a":0,"bt":11},"p105_30_101":{"a":0,"bt":11},"p117_33_110":{"a":0,"bt":0},"p117_32_110":{"a":0,"bt":0},"p118_33_111":{"a":0,"bt":0},"p118_32_111":{"a":0,"bt":0},"p121_32_112":{"a":0,"bt":1},"p120_32_112":{"a":0,"bt":1},"p119_32_112":{"a":0,"bt":1},"p118_32_112":{"a":0,"bt":1},"p117_32_112":{"a":0,"bt":1},"p116_32_112":{"a":0,"bt":1},"p115_32_111":{"a":0,"bt":1},"p116_32_111":{"a":0,"bt":1},"p114_32_110":{"a":0,"bt":1},"p115_32_110":{"a":0,"bt":1},"p117_32_111":{"a":0,"bt":1},"p122_33_112":{"a":0,"bt":0},"p122_32_112":{"a":0,"bt":0},"p122_32_113":{"a":0,"bt":0},"p121_32_113":{"a":0,"bt":1},"p122_33_113":{"a":0,"bt":0},"p121_33_113":{"a":0,"bt":0},"p121_33_114":{"a":0,"bt":0},"p117_31_110":{"a":0,"bt":1},"p120_32_115":{"a":0,"bt":1},"p119_32_116":{"a":0,"bt":1},"p115_31_110":{"a":0,"bt":3},"p119_33_114":{"a":0,"bt":1},"p119_32_114":{"a":0,"bt":3},"p118_33_114":{"a":0,"bt":1},"p118_32_114":{"a":0,"bt":3},"p120_32_114":{"a":0,"bt":3},"p114_31_110":{"a":0,"bt":3},"p119_32_115":{"a":0,"bt":3},"p118_31_111":{"a":0,"bt":1},"p120_33_114":{"a":0,"bt":1},"p119_33_115":{"a":0,"bt":1},"p116_31_112":{"a":0,"bt":3},"p114_33_113":{"a":0,"bt":3},"p114_32_113":{"a":0,"bt":3},"p121_32_114":{"a":0,"bt":1},"p115_33_113":{"a":0,"bt":1},"p115_32_113":{"a":0,"bt":3},"p119_31_116":{"a":0,"bt":3},"p115_31_111":{"a":0,"bt":3},"p122_31_113":{"a":0,"bt":1},"p116_31_111":{"a":0,"bt":3},"p120_31_115":{"a":0,"bt":3},"p118_31_114":{"a":0,"bt":3},"p122_31_112":{"a":0,"bt":1},"p119_31_115":{"a":0,"bt":3},"p119_31_114":{"a":0,"bt":3},"p117_33_115":{"a":0,"bt":3},"p117_32_115":{"a":0,"bt":3},"p116_34_113":{"a":0,"bt":0},"p116_33_114":{"a":0,"bt":3},"p116_32_114":{"a":0,"bt":3},"p114_31_113":{"a":0,"bt":3},"p116_34_114":{"a":0,"bt":1},"p117_34_115":{"a":0,"bt":1},"p114_34_113":{"a":0,"bt":1},"p115_31_113":{"a":0,"bt":3},"p112_33_112":{"a":0,"bt":1},"p112_32_112":{"a":0,"bt":3},"p113_33_112":{"a":0,"bt":3},"p113_32_112":{"a":0,"bt":3},"p113_34_112":{"a":0,"bt":1},"p116_31_114":{"a":0,"bt":3},"p112_31_112":{"a":0,"bt":3},"p117_31_115":{"a":0,"bt":3},"p113_31_112":{"a":0,"bt":3},"p116_30_94":{"a":1,"bt":7},"p114_30_92":{"a":1,"bt":7},"p114_30_94":{"a":1,"bt":7},"p114_30_95":{"a":1,"bt":7},"p114_30_96":{"a":1,"bt":7},"p115_30_92":{"a":1,"bt":7},"p115_30_94":{"a":1,"bt":7},"p115_30_95":{"a":1,"bt":7},"p115_30_96":{"a":1,"bt":7},"p116_30_92":{"a":1,"bt":7},"p116_30_93":{"a":1,"bt":7},"p116_30_95":{"a":1,"bt":7},"p116_30_96":{"a":1,"bt":7},"p117_30_92":{"a":1,"bt":7},"p117_30_93":{"a":1,"bt":7},"p117_30_94":{"a":1,"bt":7},"p117_30_95":{"a":1,"bt":7},"p117_30_96":{"a":1,"bt":7},"p118_30_92":{"a":1,"bt":7},"p118_30_93":{"a":1,"bt":7},"p118_30_94":{"a":1,"bt":7},"p118_30_95":{"a":1,"bt":7},"p114_31_92":{"a":0,"bt":0},"p114_31_94":{"a":0,"bt":0},"p114_31_95":{"a":0,"bt":0},"p114_31_96":{"a":0,"bt":0},"p115_31_92":{"a":0,"bt":0},"p115_31_94":{"a":0,"bt":0},"p115_31_95":{"a":0,"bt":0},"p115_31_96":{"a":0,"bt":0},"p116_31_92":{"a":0,"bt":0},"p116_31_93":{"a":0,"bt":0},"p116_31_94":{"a":0,"bt":0},"p116_31_95":{"a":0,"bt":0},"p116_31_96":{"a":0,"bt":0},"p117_31_92":{"a":0,"bt":0},"p117_31_93":{"a":0,"bt":0},"p117_31_94":{"a":0,"bt":0},"p117_31_95":{"a":0,"bt":0},"p117_31_96":{"a":0,"bt":0},"p118_31_92":{"a":0,"bt":0},"p118_31_93":{"a":0,"bt":0},"p118_31_94":{"a":0,"bt":0},"p118_31_95":{"a":0,"bt":0},"p114_32_92":{"a":0,"bt":0},"p114_32_93":{"a":0,"bt":0},"p114_32_94":{"a":0,"bt":0},"p114_32_95":{"a":0,"bt":0},"p114_32_96":{"a":0,"bt":0},"p115_32_92":{"a":0,"bt":0},"p115_32_93":{"a":0,"bt":0},"p115_32_94":{"a":0,"bt":0},"p115_32_95":{"a":0,"bt":0},"p115_32_96":{"a":0,"bt":0},"p116_32_92":{"a":0,"bt":0},"p116_32_93":{"a":0,"bt":0},"p116_32_94":{"a":0,"bt":0},"p116_32_95":{"a":0,"bt":0},"p116_32_96":{"a":0,"bt":0},"p117_32_92":{"a":0,"bt":0},"p117_32_93":{"a":0,"bt":0},"p117_32_94":{"a":0,"bt":0},"p117_32_95":{"a":0,"bt":0},"p117_32_96":{"a":0,"bt":0},"p118_32_92":{"a":0,"bt":0},"p118_32_93":{"a":0,"bt":0},"p118_32_94":{"a":0,"bt":0},"p118_32_95":{"a":0,"bt":0},"p118_32_96":{"a":0,"bt":0},"p123_33_91":{"a":0,"bt":0},"p120_33_91":{"a":0,"bt":0},"p123_33_96":{"a":0,"bt":0},"p120_33_96":{"a":0,"bt":0},"p123_32_97":{"a":0,"bt":0},"p111_32_109":{"a":0,"bt":16},"p113_32_123":{"a":0,"bt":24},"p112_32_124":{"a":0,"bt":24},"p111_32_125":{"a":0,"bt":24},"p110_32_126":{"a":0,"bt":24},"p114_32_122":{"a":0,"bt":24},"p113_32_125":{"a":0,"bt":24},"p114_32_126":{"a":0,"bt":24},"p111_32_123":{"a":0,"bt":24},"p110_32_122":{"a":0,"bt":24},"p111_32_122":{"a":0,"bt":1},"p111_31_122":{"a":0,"bt":3},"p113_32_124":{"a":0,"bt":1},"p113_31_124":{"a":0,"bt":3},"p112_31_124":{"a":0,"bt":21},"p112_30_124":{"a":0,"bt":21},"p113_30_124":{"a":0,"bt":3},"p113_31_125":{"a":0,"bt":21},"p112_31_125":{"a":0,"bt":21},"p113_31_123":{"a":0,"bt":3},"p112_31_123":{"a":0,"bt":21},"p110_32_124":{"a":0,"bt":1},"p112_33_124":{"a":0,"bt":0},"p113_33_124":{"a":0,"bt":6},"p112_33_123":{"a":0,"bt":6},"p111_33_124":{"a":0,"bt":6},"p113_34_124":{"a":0,"bt":0},"p112_33_125":{"a":0,"bt":6},"p111_32_108":{"a":0,"bt":6},"p121_31_105":{"a":0,"bt":2},"p122_31_105":{"a":0,"bt":1},"p123_31_104":{"a":0,"bt":14},"p124_31_104":{"a":0,"bt":1},"p123_31_102":{"a":0,"bt":1},"p122_31_101":{"a":0,"bt":1},"p125_31_103":{"a":0,"bt":1},"p123_31_103":{"a":0,"bt":1},"p123_31_100":{"a":0,"bt":11},"p123_31_99":{"a":0,"bt":1},"p123_30_104":{"a":0,"bt":1},"p121_31_98":{"a":0,"bt":1},"p122_31_98":{"a":0,"bt":1},"p121_31_97":{"a":0,"bt":1},"p121_31_90":{"a":0,"bt":1},"p120_31_89":{"a":0,"bt":1},"p119_31_89":{"a":0,"bt":1},"p118_31_88":{"a":0,"bt":1},"p117_31_89":{"a":0,"bt":27},"p116_31_88":{"a":0,"bt":1},"p114_31_87":{"a":0,"bt":1},"p124_31_101":{"a":0,"bt":14},"p121_31_99":{"a":0,"bt":14},"p124_30_101":{"a":0,"bt":1},"p116_31_87":{"a":0,"bt":14},"p112_31_87":{"a":0,"bt":14},"p116_30_87":{"a":0,"bt":1},"p112_30_87":{"a":0,"bt":1},"p121_30_99":{"a":0,"bt":1},"p122_31_100":{"a":0,"bt":27},"p124_31_103":{"a":0,"bt":27},"p123_31_106":{"a":0,"bt":27},"p124_31_92":{"a":0,"bt":0},"p124_30_92":{"a":0,"bt":1},"p124_31_100":{"a":0,"bt":3},"p12_40_113":{"a":0,"bt":0},"p11_40_113":{"a":0,"bt":0},"p10_40_113":{"a":1,"bt":4},"p9_40_113":{"a":0,"bt":0},"p10_40_112":{"a":1,"bt":4},"p10_41_112":{"a":1,"bt":4},"p9_40_112":{"a":0,"bt":0},"p6_40_112":{"a":1,"bt":4},"p7_40_111":{"a":1,"bt":4},"p6_40_111":{"a":1,"bt":13},"p7_40_110":{"a":1,"bt":14},"p6_40_110":{"a":1,"bt":14},"p7_40_109":{"a":0,"bt":0},"p8_40_108":{"a":0,"bt":0},"p9_40_108":{"a":0,"bt":0},"p8_40_107":{"a":0,"bt":0},"p9_40_107":{"a":0,"bt":0},"p9_40_106":{"a":0,"bt":0},"p8_40_106":{"a":0,"bt":0},"p12_39_113":{"a":1,"bt":2},"p10_39_113":{"a":0,"bt":3},"p10_40_106":{"a":0,"bt":0},"p10_40_107":{"a":0,"bt":0},"p11_40_107":{"a":0,"bt":0},"p11_40_109":{"a":0,"bt":0},"p11_40_108":{"a":0,"bt":0},"p10_39_112":{"a":0,"bt":3},"p12_40_109":{"a":0,"bt":0},"p7_39_111":{"a":0,"bt":3},"p12_40_108":{"a":0,"bt":0},"p6_39_112":{"a":0,"bt":3},"p10_40_108":{"a":0,"bt":0},"p10_40_109":{"a":0,"bt":0},"p9_40_110":{"a":1,"bt":14},"p9_40_111":{"a":1,"bt":4},"p8_40_110":{"a":0,"bt":0},"p8_40_109":{"a":0,"bt":0},"p9_40_109":{"a":1,"bt":15},"p6_39_111":{"a":0,"bt":3},"p10_40_110":{"a":0,"bt":0},"p10_40_111":{"a":1,"bt":13},"p8_40_111":{"a":1,"bt":4},"p9_39_106":{"a":0,"bt":1},"p7_40_112":{"a":0,"bt":0},"p11_39_113":{"a":0,"bt":1},"p9_39_107":{"a":0,"bt":1},"p8_40_112":{"a":0,"bt":0},"p8_40_113":{"a":0,"bt":0},"p7_40_119":{"a":1,"bt":4},"p6_39_110":{"a":0,"bt":1},"p9_40_119":{"a":1,"bt":4},"p10_39_106":{"a":0,"bt":1},"p9_39_113":{"a":1,"bt":31},"p7_39_110":{"a":0,"bt":1},"p8_39_110":{"a":0,"bt":1},"p12_39_109":{"a":0,"bt":1},"p10_39_108":{"a":0,"bt":1},"p9_39_108":{"a":0,"bt":1},"p11_39_107":{"a":0,"bt":1},"p9_39_112":{"a":1,"bt":31},"p12_39_108":{"a":0,"bt":1},"p10_39_107":{"a":0,"bt":1},"p11_39_109":{"a":0,"bt":1},"p8_39_108":{"a":0,"bt":1},"p8_39_113":{"a":1,"bt":31},"p8_39_107":{"a":0,"bt":1},"p8_39_109":{"a":0,"bt":1},"p10_39_111":{"a":0,"bt":3},"p7_39_109":{"a":0,"bt":1},"p8_39_106":{"a":0,"bt":1},"p8_39_111":{"a":0,"bt":3},"p18_39_113":{"a":1,"bt":1},"p17_39_113":{"a":1,"bt":1},"p16_39_113":{"a":1,"bt":1},"p15_39_113":{"a":1,"bt":1},"p9_39_109":{"a":0,"bt":1},"p9_39_111":{"a":0,"bt":3},"p17_39_112":{"a":1,"bt":1},"p16_39_112":{"a":1,"bt":1},"p7_39_119":{"a":0,"bt":3},"p15_39_112":{"a":1,"bt":9},"p10_39_109":{"a":0,"bt":1},"p14_39_112":{"a":0,"bt":12},"p15_39_111":{"a":1,"bt":1},"p14_39_111":{"a":1,"bt":9},"p11_39_108":{"a":0,"bt":1},"p10_39_110":{"a":1,"bt":14},"p14_39_110":{"a":1,"bt":9},"p7_39_112":{"a":1,"bt":31},"p13_39_105":{"a":1,"bt":1},"p9_39_110":{"a":0,"bt":1},"p14_39_107":{"a":1,"bt":1},"p15_39_106":{"a":1,"bt":1},"p8_39_112":{"a":1,"bt":31},"p14_39_106":{"a":1,"bt":1},"p13_39_106":{"a":1,"bt":1},"p15_38_112":{"a":0,"bt":3},"p16_38_112":{"a":0,"bt":3},"p9_39_119":{"a":0,"bt":3},"p17_38_112":{"a":0,"bt":3},"p13_39_107":{"a":1,"bt":1},"p18_38_113":{"a":0,"bt":3},"p17_38_113":{"a":0,"bt":3},"p12_39_105":{"a":1,"bt":1},"p14_38_111":{"a":0,"bt":3},"p15_38_113":{"a":0,"bt":3},"p15_38_111":{"a":0,"bt":3},"p13_38_106":{"a":0,"bt":3},"p16_38_113":{"a":0,"bt":3},"p14_38_112":{"a":0,"bt":3},"p14_38_110":{"a":0,"bt":3},"p14_38_106":{"a":0,"bt":3},"p12_38_105":{"a":0,"bt":3},"p15_38_106":{"a":0,"bt":3},"p13_38_107":{"a":0,"bt":3},"p14_38_107":{"a":0,"bt":3},"p6_40_117":{"a":1,"bt":4},"p6_40_116":{"a":1,"bt":4},"p6_40_115":{"a":1,"bt":4},"p6_40_114":{"a":1,"bt":4},"p6_40_113":{"a":1,"bt":4},"p6_39_116":{"a":0,"bt":3},"p10_40_114":{"a":1,"bt":4},"p6_39_117":{"a":0,"bt":3},"p12_40_115":{"a":0,"bt":0},"p13_40_116":{"a":1,"bt":13},"p6_39_115":{"a":0,"bt":3},"p13_40_117":{"a":1,"bt":4},"p6_39_113":{"a":0,"bt":3},"p6_39_114":{"a":0,"bt":3},"p13_40_118":{"a":1,"bt":4},"p12_40_119":{"a":1,"bt":4},"p13_39_116":{"a":0,"bt":3},"p10_40_119":{"a":1,"bt":13},"p11_40_119":{"a":1,"bt":4},"p8_40_119":{"a":1,"bt":4},"p10_39_114":{"a":0,"bt":3},"p13_39_117":{"a":0,"bt":3},"p12_39_115":{"a":1,"bt":2},"p12_39_119":{"a":0,"bt":3},"p6_40_118":{"a":1,"bt":4},"p13_39_118":{"a":0,"bt":3},"p10_39_119":{"a":0,"bt":3},"p11_39_119":{"a":0,"bt":3},"p10_41_111":{"a":1,"bt":13},"p10_42_111":{"a":1,"bt":13},"p8_39_119":{"a":0,"bt":3},"p6_39_118":{"a":0,"bt":3},"p6_41_111":{"a":1,"bt":13},"p6_42_111":{"a":1,"bt":13},"p6_40_119":{"a":1,"bt":13},"p6_41_119":{"a":1,"bt":13},"p6_42_119":{"a":1,"bt":13},"p13_40_119":{"a":1,"bt":13},"p13_41_119":{"a":1,"bt":13},"p13_42_119":{"a":1,"bt":13},"p13_40_115":{"a":0,"bt":0},"p13_41_115":{"a":0,"bt":0},"p13_42_115":{"a":0,"bt":0},"p10_40_115":{"a":1,"bt":4},"p10_41_115":{"a":1,"bt":4},"p10_42_115":{"a":1,"bt":4},"p6_39_119":{"a":0,"bt":3},"p10_43_115":{"a":1,"bt":24},"p13_39_115":{"a":1,"bt":1},"p13_39_119":{"a":0,"bt":3},"p10_43_111":{"a":1,"bt":13},"p10_41_113":{"a":1,"bt":4},"p10_39_115":{"a":0,"bt":3},"p10_43_112":{"a":1,"bt":21},"p11_43_112":{"a":0,"bt":0},"p10_43_113":{"a":1,"bt":24},"p10_43_114":{"a":1,"bt":21},"p10_42_113":{"a":1,"bt":4},"p10_41_114":{"a":1,"bt":4},"p10_42_114":{"a":1,"bt":4},"p7_41_111":{"a":1,"bt":4},"p8_41_111":{"a":1,"bt":23},"p9_41_111":{"a":1,"bt":4},"p7_42_111":{"a":1,"bt":4},"p8_42_111":{"a":1,"bt":23},"p9_42_111":{"a":1,"bt":4},"p6_40_109":{"a":1,"bt":14},"p6_41_110":{"a":1,"bt":14},"p9_43_111":{"a":1,"bt":4},"p8_43_111":{"a":1,"bt":4},"p7_43_111":{"a":1,"bt":4},"p9_44_111":{"a":1,"bt":13},"p9_45_111":{"a":1,"bt":13},"p7_44_111":{"a":1,"bt":13},"p7_45_111":{"a":1,"bt":13},"p6_43_111":{"a":1,"bt":13},"p8_45_111":{"a":1,"bt":4},"p8_46_111":{"a":1,"bt":13},"p8_47_111":{"a":1,"bt":13},"p8_45_110":{"a":0,"bt":0},"p8_44_111":{"a":1,"bt":4},"p6_43_112":{"a":1,"bt":21},"p6_43_113":{"a":1,"bt":21},"p6_43_114":{"a":1,"bt":21},"p6_43_115":{"a":1,"bt":24},"p6_43_116":{"a":1,"bt":21},"p6_43_117":{"a":1,"bt":24},"p6_43_118":{"a":1,"bt":24},"p6_43_119":{"a":1,"bt":13},"p7_43_119":{"a":1,"bt":4},"p7_44_119":{"a":1,"bt":13},"p7_45_119":{"a":1,"bt":13},"p10_41_119":{"a":1,"bt":13},"p10_42_119":{"a":1,"bt":13},"p10_43_119":{"a":1,"bt":13},"p9_43_119":{"a":1,"bt":4},"p9_44_119":{"a":1,"bt":13},"p9_44_120":{"a":0,"bt":0},"p9_45_119":{"a":1,"bt":13},"p8_45_119":{"a":1,"bt":4},"p8_46_119":{"a":1,"bt":13},"p8_47_119":{"a":1,"bt":13},"p4_39_111":{"a":1,"bt":1},"p2_40_109":{"a":0,"bt":0},"p2_39_109":{"a":1,"bt":1},"p7_44_118":{"a":1,"bt":21},"p7_44_117":{"a":1,"bt":24},"p7_45_118":{"a":1,"bt":24},"p7_39_118":{"a":1,"bt":31},"p7_39_117":{"a":1,"bt":31},"p7_44_116":{"a":1,"bt":21},"p7_44_115":{"a":1,"bt":24},"p7_39_116":{"a":1,"bt":31},"p7_39_115":{"a":1,"bt":31},"p7_44_114":{"a":1,"bt":21},"p7_44_113":{"a":1,"bt":24},"p7_44_112":{"a":1,"bt":24},"p7_45_112":{"a":1,"bt":24},"p7_39_114":{"a":1,"bt":31},"p7_39_113":{"a":1,"bt":31},"p7_45_113":{"a":1,"bt":21},"p8_46_112":{"a":1,"bt":21},"p8_46_113":{"a":1,"bt":21},"p7_45_115":{"a":1,"bt":21},"p7_45_114":{"a":1,"bt":24},"p8_46_114":{"a":1,"bt":24},"p8_46_115":{"a":1,"bt":24},"p8_46_116":{"a":1,"bt":21},"p8_46_118":{"a":1,"bt":21},"p8_39_114":{"a":1,"bt":31},"p9_45_118":{"a":1,"bt":21},"p8_46_117":{"a":1,"bt":24},"p7_45_117":{"a":1,"bt":21},"p8_39_115":{"a":1,"bt":31},"p8_39_116":{"a":1,"bt":31},"p8_39_118":{"a":1,"bt":31},"p7_45_116":{"a":1,"bt":21},"p8_39_117":{"a":1,"bt":31},"p9_44_112":{"a":1,"bt":24},"p9_45_112":{"a":1,"bt":24},"p9_44_113":{"a":1,"bt":21},"p9_45_113":{"a":1,"bt":21},"p9_45_114":{"a":1,"bt":21},"p9_44_114":{"a":1,"bt":24},"p9_45_115":{"a":1,"bt":24},"p9_44_118":{"a":1,"bt":24},"p9_44_117":{"a":1,"bt":24},"p9_45_117":{"a":1,"bt":21},"p9_44_115":{"a":1,"bt":21},"p9_44_116":{"a":1,"bt":21},"p9_45_116":{"a":1,"bt":24},"p9_39_118":{"a":1,"bt":31},"p9_39_114":{"a":1,"bt":31},"p9_39_115":{"a":1,"bt":31},"p9_39_117":{"a":1,"bt":31},"p9_39_116":{"a":1,"bt":31},"p10_43_116":{"a":1,"bt":13},"p10_43_117":{"a":1,"bt":24},"p10_43_118":{"a":1,"bt":21},"p10_39_117":{"a":1,"bt":31},"p10_39_118":{"a":1,"bt":31},"p10_40_116":{"a":1,"bt":13},"p10_41_116":{"a":1,"bt":13},"p10_39_116":{"a":0,"bt":3},"p10_42_116":{"a":1,"bt":13},"p12_40_116":{"a":1,"bt":4},"p12_41_116":{"a":1,"bt":4},"p11_42_116":{"a":1,"bt":4},"p12_42_116":{"a":1,"bt":4},"p13_41_116":{"a":1,"bt":13},"p13_42_116":{"a":1,"bt":13},"p13_43_116":{"a":1,"bt":13},"p13_43_119":{"a":1,"bt":13},"p11_39_116":{"a":1,"bt":31},"p11_43_116":{"a":1,"bt":21},"p12_39_116":{"a":0,"bt":3},"p12_43_116":{"a":1,"bt":21},"p10_44_116":{"a":1,"bt":13},"p13_42_117":{"a":1,"bt":21},"p13_42_118":{"a":1,"bt":24},"p11_43_117":{"a":1,"bt":21},"p10_44_117":{"a":1,"bt":21},"p10_44_118":{"a":1,"bt":21},"p10_44_119":{"a":1,"bt":13},"p11_43_119":{"a":1,"bt":24},"p11_43_118":{"a":1,"bt":24},"p12_43_118":{"a":1,"bt":21},"p12_43_119":{"a":1,"bt":21},"p12_43_117":{"a":1,"bt":24},"p11_39_117":{"a":1,"bt":31},"p11_39_118":{"a":1,"bt":31},"p12_39_118":{"a":1,"bt":31},"p12_39_117":{"a":1,"bt":31},"p13_44_119":{"a":0,"bt":0},"p13_44_116":{"a":0,"bt":0},"p13_41_117":{"a":1,"bt":4},"p13_41_118":{"a":1,"bt":4},"p11_44_117":{"a":0,"bt":0},"p11_44_118":{"a":0,"bt":0},"p14_42_118":{"a":1,"bt":21},"p14_42_117":{"a":1,"bt":21},"p13_43_117":{"a":1,"bt":24},"p13_43_118":{"a":1,"bt":21},"p14_42_116":{"a":1,"bt":24},"p14_42_119":{"a":1,"bt":21},"p14_39_118":{"a":1,"bt":28},"p14_39_117":{"a":1,"bt":28},"p14_39_119":{"a":1,"bt":28},"p14_39_116":{"a":1,"bt":14},"p11_43_115":{"a":1,"bt":21},"p11_43_114":{"a":0,"bt":0},"p11_43_113":{"a":0,"bt":0},"p12_43_115":{"a":1,"bt":24},"p11_39_115":{"a":0,"bt":12},"p14_42_115":{"a":0,"bt":0},"p12_39_114":{"a":0,"bt":12},"p13_39_113":{"a":1,"bt":9},"p15_39_115":{"a":1,"bt":1},"p14_39_115":{"a":1,"bt":1},"p15_38_115":{"a":0,"bt":3},"p14_40_117":{"a":1,"bt":14},"p15_39_118":{"a":1,"bt":14},"p11_39_111":{"a":1,"bt":14},"p11_38_111":{"a":0,"bt":1},"p15_38_118":{"a":0,"bt":1},"p10_42_112":{"a":1,"bt":4},"p10_38_110":{"a":0,"bt":1},"p12_41_119":{"a":1,"bt":23},"p11_41_119":{"a":1,"bt":23},"p12_42_119":{"a":1,"bt":4},"p11_42_119":{"a":1,"bt":4},"p8_44_119":{"a":1,"bt":4},"p8_43_119":{"a":1,"bt":4},"p7_42_119":{"a":1,"bt":4},"p8_42_119":{"a":1,"bt":23},"p9_42_119":{"a":1,"bt":4},"p9_41_119":{"a":1,"bt":4},"p8_41_119":{"a":1,"bt":23},"p7_41_119":{"a":1,"bt":4},"p6_42_118":{"a":1,"bt":4},"p7_43_117":{"a":0,"bt":0},"p6_42_117":{"a":1,"bt":4},"p6_42_116":{"a":1,"bt":4},"p6_42_115":{"a":1,"bt":4},"p6_42_114":{"a":1,"bt":4},"p6_42_113":{"a":1,"bt":4},"p6_42_112":{"a":1,"bt":4},"p6_41_112":{"a":1,"bt":4},"p6_41_113":{"a":1,"bt":23},"p6_41_114":{"a":1,"bt":23},"p6_41_115":{"a":1,"bt":23},"p6_41_116":{"a":1,"bt":23},"p6_41_117":{"a":1,"bt":23},"p6_41_118":{"a":1,"bt":4},"p8_44_112":{"a":1,"bt":21},"p8_44_113":{"a":1,"bt":21},"p8_44_114":{"a":1,"bt":21},"p8_44_115":{"a":1,"bt":24},"p8_44_116":{"a":1,"bt":24},"p8_44_118":{"a":1,"bt":21},"p8_44_117":{"a":1,"bt":21},"p9_41_112":{"a":0,"bt":0},"p9_42_112":{"a":0,"bt":0},"p8_41_112":{"a":0,"bt":0},"p8_42_112":{"a":0,"bt":0},"p9_43_112":{"a":0,"bt":0},"p8_43_112":{"a":0,"bt":0},"p8_45_112":{"a":1,"bt":4},"p7_43_112":{"a":0,"bt":0},"p7_42_112":{"a":0,"bt":0},"p7_41_112":{"a":0,"bt":0},"p8_38_117":{"a":0,"bt":0},"p7_38_114":{"a":0,"bt":3},"p7_40_114":{"a":0,"bt":0},"p7_41_114":{"a":0,"bt":0},"p7_42_114":{"a":0,"bt":0},"p7_43_114":{"a":0,"bt":0},"p7_46_114":{"a":0,"bt":0},"p7_47_114":{"a":0,"bt":0},"p7_48_114":{"a":0,"bt":0},"p11_40_116":{"a":0,"bt":0},"p11_41_116":{"a":0,"bt":0},"p13_38_113":{"a":0,"bt":3},"p13_39_111":{"a":1,"bt":9},"p15_39_110":{"a":1,"bt":2},"p11_39_114":{"a":1,"bt":9},"p11_38_114":{"a":0,"bt":3},"p15_38_110":{"a":0,"bt":3},"p13_38_111":{"a":0,"bt":3},"p12_38_114":{"a":0,"bt":3},"p12_38_113":{"a":0,"bt":3},"p13_39_112":{"a":1,"bt":2},"p12_39_112":{"a":0,"bt":12},"p16_39_109":{"a":0,"bt":12},"p18_40_108":{"a":0,"bt":0},"p18_40_109":{"a":0,"bt":0},"p20_40_107":{"a":1,"bt":1},"p17_39_110":{"a":1,"bt":2},"p17_39_108":{"a":1,"bt":9},"p18_40_107":{"a":0,"bt":0},"p18_40_110":{"a":0,"bt":0},"p19_40_114":{"a":0,"bt":0},"p19_40_113":{"a":0,"bt":0},"p19_40_112":{"a":0,"bt":0},"p19_40_116":{"a":0,"bt":0},"p19_40_115":{"a":0,"bt":0},"p19_39_113":{"a":0,"bt":1},"p19_39_115":{"a":0,"bt":1},"p18_39_110":{"a":0,"bt":1},"p18_39_109":{"a":0,"bt":1},"p19_40_108":{"a":0,"bt":0},"p19_39_114":{"a":0,"bt":1},"p19_40_109":{"a":0,"bt":0},"p19_39_116":{"a":0,"bt":1},"p19_40_110":{"a":0,"bt":0},"p17_40_106":{"a":0,"bt":0},"p17_40_107":{"a":0,"bt":0},"p19_40_111":{"a":0,"bt":0},"p20_40_112":{"a":0,"bt":0},"p20_40_113":{"a":0,"bt":0},"p21_40_113":{"a":0,"bt":0},"p21_40_114":{"a":0,"bt":0},"p22_40_114":{"a":0,"bt":0},"p22_41_114":{"a":0,"bt":0},"p21_41_115":{"a":0,"bt":0},"p21_40_115":{"a":0,"bt":0},"p22_41_113":{"a":0,"bt":0},"p22_41_112":{"a":0,"bt":0},"p22_41_110":{"a":0,"bt":0},"p22_41_109":{"a":0,"bt":0},"p22_41_111":{"a":0,"bt":0},"p19_39_110":{"a":0,"bt":1},"p24_42_111":{"a":0,"bt":0},"p24_42_110":{"a":0,"bt":0},"p19_39_108":{"a":0,"bt":1},"p23_42_109":{"a":0,"bt":0},"p23_42_108":{"a":0,"bt":0},"p17_39_106":{"a":0,"bt":1},"p18_39_108":{"a":0,"bt":1},"p19_39_109":{"a":0,"bt":1},"p21_41_109":{"a":0,"bt":0},"p20_40_114":{"a":0,"bt":0},"p21_39_113":{"a":0,"bt":1},"p20_40_115":{"a":0,"bt":0},"p20_40_116":{"a":0,"bt":0},"p20_40_117":{"a":0,"bt":0},"p19_40_117":{"a":0,"bt":0},"p19_40_118":{"a":0,"bt":0},"p22_39_114":{"a":0,"bt":1},"p20_40_118":{"a":0,"bt":0},"p19_39_111":{"a":0,"bt":1},"p18_39_107":{"a":0,"bt":1},"p20_40_119":{"a":0,"bt":0},"p24_41_110":{"a":0,"bt":1},"p20_39_113":{"a":0,"bt":1},"p20_39_112":{"a":0,"bt":1},"p21_39_115":{"a":0,"bt":1},"p17_39_107":{"a":0,"bt":1},"p22_40_109":{"a":0,"bt":1},"p21_39_114":{"a":0,"bt":1},"p21_40_109":{"a":0,"bt":1},"p22_40_113":{"a":0,"bt":1},"p20_39_115":{"a":0,"bt":1},"p23_41_109":{"a":0,"bt":1},"p20_39_114":{"a":0,"bt":1},"p22_40_112":{"a":0,"bt":1},"p20_39_117":{"a":0,"bt":1},"p19_39_118":{"a":0,"bt":1},"p21_41_108":{"a":0,"bt":0},"p20_39_116":{"a":0,"bt":1},"p20_39_119":{"a":0,"bt":1},"p22_40_111":{"a":0,"bt":1},"p22_40_110":{"a":0,"bt":1},"p23_41_108":{"a":0,"bt":1},"p24_41_111":{"a":0,"bt":1},"p20_39_118":{"a":0,"bt":1},"p21_40_108":{"a":0,"bt":1},"p19_39_117":{"a":0,"bt":1},"p21_41_111":{"a":1,"bt":13},"p21_42_111":{"a":1,"bt":13},"p21_40_111":{"a":0,"bt":3},"p21_43_111":{"a":1,"bt":13},"p20_43_111":{"a":0,"bt":0},"p20_43_110":{"a":0,"bt":0},"p21_43_110":{"a":0,"bt":0},"p21_44_111":{"a":1,"bt":13},"p21_45_111":{"a":1,"bt":13}},"worldSize":128,"version":1}